,name,ontology,family,rest,not_family,not_rest,family_ratio,rest_ratio,fold,p-values,adj_pvalue
GO:0007229,integrin-mediated signaling pathway,biological_process,46,277,0,570097,inf,0.0004858822270596,inf,1.5036441683439875e-151,5.864212256541552e-149
GO:0008305,integrin complex,cellular_component,33,65,13,570309,2.5384615384615383,0.0001139733021923,22272.4224852071,1.291197974299617e-116,2.517836049884253e-114
GO:0005925,focal adhesion,cellular_component,38,922,8,569452,4.75,0.0016191004685206,2933.7277657266814,4.788946421103883e-98,6.225630347435049e-96
GO:0005178,integrin binding,molecular_function,33,533,13,569841,2.5384615384615383,0.0009353486323377,2713.92019050368,3.007991321108185e-89,2.93279153808048e-87
GO:0009986,cell surface,cellular_component,36,3721,10,566653,3.6,0.0065666289598749,548.2264982531577,9.578856897347004e-70,6.226256983275552e-68
GO:0033627,cell adhesion mediated by integrin,biological_process,22,96,24,570278,0.9166666666666666,0.0001683389504767,5445.362847222222,8.582341509888034e-70,6.226256983275552e-68
GO:0007160,cell-matrix adhesion,biological_process,23,293,23,570081,1.0,0.0005139620510067,1945.668941979522,4.517611441160801e-63,2.516954945789589e-61
GO:0007155,cell adhesion,biological_process,26,2104,20,568270,1.3,0.0037024653773734,351.1173954372624,3.376303052001209e-51,1.6459477378505896e-49
GO:0071404,cellular response to low-density lipoprotein particle stimulus,biological_process,16,66,30,570308,0.5333333333333333,0.0001157269405303,4608.549494949495,6.870667394472707e-51,2.9772892042715066e-49
GO:0031623,receptor internalization,biological_process,16,241,30,570133,0.5333333333333333,0.0004227083855872,1261.7051175656984,1.7539849974933872e-42,6.84054149022421e-41
GO:0043235,receptor complex,cellular_component,18,683,28,569691,0.6428571428571429,0.0011988955416181,536.2078017151224,8.95846607121154e-41,3.1761834252477284e-39
GO:0032587,ruffle membrane,cellular_component,15,329,31,570045,0.4838709677419355,0.0005771474181862,838.3836650652025,1.8742963795214184e-37,6.09146323344461e-36
GO:1901388,regulation of transforming growth factor beta activation,biological_process,10,10,36,570364,0.2777777777777778,1.753266335182445e-05,15843.444444444443,7.489808751317073e-37,2.246942625395122e-35
GO:0045445,myoblast differentiation,biological_process,12,73,34,570301,0.3529411764705882,0.0001280025810931,2757.2973408541498,2.058358899660816e-36,5.733999791912273e-35
GO:0010710,regulation of collagen catabolic process,biological_process,9,3,37,570371,0.2432432432432432,5.259734453539889e-06,46246.2972972973,1.3754795806262838e-35,3.576246909628338e-34
GO:0046872,metal ion binding,molecular_function,41,58721,5,511653,8.2,0.1147672348251647,71.44896374380545,2.6948441661736563e-35,6.5686826550482885e-34
GO:0007520,myoblast fusion,biological_process,12,94,34,570280,0.3529411764705882,0.0001648313109349,2141.226533166458,3.4391426379359036e-35,7.88979781644119e-34
GO:0042470,melanosome,cellular_component,15,508,31,569866,0.4838709677419355,0.0008914376362162,542.7984505969013,1.1078450303210742e-34,2.4003308990289947e-33
GO:0034113,heterotypic cell-cell adhesion,biological_process,11,60,35,570314,0.3142857142857143,0.0001052052027479,2987.3590476190475,6.5328669060429115e-34,1.340956891240387e-32
GO:0007517,muscle organ development,biological_process,13,342,33,570032,0.3939393939393939,0.0005999663176804,656.6025163919901,1.6809556849323354e-31,3.2778635856180546e-30
GO:0050839,cell adhesion molecule binding,molecular_function,12,239,34,570135,0.3529411764705882,0.0004191989616494,841.9419148412503,1.5494302791946124e-30,2.8775133756471376e-29
GO:0048333,mesodermal cell differentiation,biological_process,9,24,37,570350,0.2432432432432432,4.207942491452617e-05,5780.574324324325,2.4083300318504373e-30,4.2693123291894105e-29
GO:0001968,fibronectin binding,molecular_function,10,114,36,570260,0.2777777777777778,0.0001999088135236,1389.5224171539962,6.575690419930241e-28,1.1150083755533886e-26
GO:0034685,integrin alphav-beta6 complex,cellular_component,7,4,39,570370,0.1794871794871795,7.012991566877641e-06,25593.52564102564,4.52947017589036e-27,7.360389035821835e-26
GO:0098639,collagen binding involved in cell-matrix adhesion,molecular_function,7,8,39,570366,0.1794871794871795,1.4026081498546548e-05,12796.673076923076,8.83035341344706e-26,1.3775351324977412e-24
GO:0030027,lamellipodium,cellular_component,12,742,34,569632,0.3529411764705882,0.0013025953598112,270.95227524972256,9.733929718476806e-25,1.460089457771521e-23
GO:0001618,virus receptor activity,molecular_function,9,162,37,570212,0.2432432432432432,0.0002841048592453,856.1741741741741,1.7227320223893433e-23,2.4883906990068294e-22
GO:1903078,positive regulation of protein localization to plasma membrane,biological_process,9,190,37,570184,0.2432432432432432,0.0003332257657177,729.9652916073969,6.942174319914672e-23,9.66945708845258e-22
GO:0030335,positive regulation of cell migration,biological_process,11,819,35,569555,0.3142857142857143,0.0014379647268481,218.5628815628816,7.379428358660362e-22,9.924058827163935e-21
GO:1904996,positive regulation of leukocyte adhesion to vascular endothelial cell,biological_process,7,43,39,570331,0.1794871794871795,7.539481459012398e-05,2380.630292188432,1.3677848810009504e-21,1.7781203453012356e-20
GO:0045766,positive regulation of angiogenesis,biological_process,10,517,36,569857,0.2777777777777778,0.0009072451509764,306.1771975069847,1.6453909818297705e-21,2.0700080093987442e-20
GO:0150054,regulation of postsynaptic neurotransmitter receptor diffusion trapping,biological_process,5,1,41,570373,0.1219512195121951,1.753238670133404e-06,69557.68292682926,1.6341800200012674e-20,1.991656899376545e-19
GO:0006909,phagocytosis,biological_process,9,382,37,569992,0.2432432432432432,0.0006701848446995,362.9494835149285,3.280718397482094e-20,3.877212651569748e-19
GO:0031589,cell-substrate adhesion,biological_process,7,104,39,570270,0.1794871794871795,0.0001823697546776,984.1937869822484,4.633929852288299e-19,5.315390124683637e-18
GO:0009897,external side of plasma membrane,cellular_component,11,1494,35,568880,0.3142857142857143,0.0026262129095767,119.67259514247463,5.099708048208606e-19,5.6825318251467295e-18
GO:0055037,recycling endosome,cellular_component,9,566,37,569808,0.2432432432432432,0.0009933170471457,244.8797631553816,1.075659589458982e-18,1.165297888580564e-17
GO:0061520,Langerhans cell differentiation,biological_process,5,7,41,570367,0.1219512195121951,1.2272799793816963e-05,9936.707317073173,2.156342501729168e-18,2.2729015558766906e-17
GO:0010763,positive regulation of fibroblast migration,biological_process,6,62,40,570312,0.15,0.0001087124240766,1379.7870967741935,2.1349027777992017e-17,2.1910844298465487e-16
GO:0098880,maintenance of postsynaptic specialization structure,biological_process,5,13,41,570361,0.1219512195121951,2.279258224177319e-05,5350.478424015009,2.3319322834024453e-17,2.331932283402445e-16
GO:0046982,protein heterodimerization activity,molecular_function,11,2231,35,568143,0.3142857142857143,0.0039268282809081,80.0355125824422,3.970348229277047e-17,3.871089523545121e-16
GO:0060022,hard palate development,biological_process,5,19,41,570355,0.1219512195121951,3.331258602098693e-05,3660.815147625161,1.1564056256901814e-16,1.0999955951687093e-15
GO:0007159,leukocyte cell-cell adhesion,biological_process,6,84,40,570290,0.15,0.0001472934822634,1018.375,1.21281363765661e-16,1.1261840921097094e-15
GO:0045121,membrane raft,cellular_component,9,1021,37,569353,0.2432432432432432,0.0017932635816444,135.64277205707177,2.0453060019809126e-16,1.8550449785408284e-15
GO:0030056,hemidesmosome,cellular_component,5,30,41,570344,0.1219512195121951,5.259983448585415e-05,2318.471544715447,8.826439860884425e-16,7.823435331238467e-15
GO:0007179,transforming growth factor beta receptor signaling pathway,biological_process,7,339,39,570035,0.1794871794871795,0.0005947003254186,301.81113380228425,1.4907508070139316e-15,1.2919840327454072e-14
GO:0016020,membrane,cellular_component,19,22333,27,548041,0.7037037037037037,0.0407506007762192,17.268547955110442,2.758772851686492e-15,2.338959591647243e-14
GO:0098690,glycinergic synapse,cellular_component,5,40,41,570334,0.1219512195121951,7.013434233273836e-05,1738.8231707317073,3.319859060351404e-15,2.7547766671001007e-14
GO:0034446,substrate adhesion-dependent cell spreading,biological_process,6,155,40,570219,0.15,0.0002718253863866,551.8248387096774,4.269854457912896e-15,3.4692567470542284e-14
GO:0045211,postsynaptic membrane,cellular_component,8,874,38,569500,0.2105263157894736,0.0015346795434591,137.17933277128748,7.842030416678586e-15,6.241616045927855e-14
GO:0097060,synaptic membrane,cellular_component,6,181,40,570193,0.15,0.0003174363768057,472.535635359116,1.0606609367767536e-14,8.273155306858678e-14
GO:0050901,leukocyte tethering or rolling,biological_process,5,69,41,570305,0.1219512195121951,0.0001209878924435,1007.9621774478614,4.36960236791528e-14,3.3414606342881563e-13
GO:0043113,receptor clustering,biological_process,5,94,41,570280,0.1219512195121951,0.0001648313109349,739.8546964193046,1.9372066636167851e-13,1.4529049977125884e-12
GO:1900731,positive regulation of adenylate cyclase-inhibiting opioid receptor signaling pathway,biological_process,3,0,43,570374,0.0697674418604651,0.0,inf,4.907282648826399e-13,3.544148579707955e-12
GO:0061450,trophoblast cell migration,biological_process,3,0,43,570374,0.0697674418604651,0.0,inf,4.907282648826399e-13,3.544148579707955e-12
GO:0005604,basement membrane,cellular_component,6,365,40,570009,0.15,0.0006403407665493,234.2502739726027,6.660446040498595e-13,4.722861737808095e-12
GO:0098978,glutamatergic synapse,cellular_component,8,1682,38,568692,0.2105263157894736,0.0029576642541129,71.17992364979035,1.3790862376844485e-12,9.604350583873838e-12
GO:0034679,integrin alpha9-beta1 complex,cellular_component,3,1,43,570373,0.0697674418604651,1.753238670133404e-06,39793.46511627907,1.962802081342424e-12,1.2974454435992297e-11
GO:0051611,regulation of serotonin uptake,biological_process,3,1,43,570373,0.0697674418604651,1.753238670133404e-06,39793.46511627907,1.962802081342424e-12,1.2974454435992297e-11
GO:0034680,integrin alpha10-beta1 complex,cellular_component,3,1,43,570373,0.0697674418604651,1.753238670133404e-06,39793.46511627907,1.962802081342424e-12,1.2974454435992297e-11
GO:0002020,protease binding,molecular_function,6,443,40,569931,0.15,0.000777287075102,192.97889390519188,2.0978752595020624e-12,1.3636189186763406e-11
GO:0034667,integrin alpha3-beta1 complex,cellular_component,3,2,43,570372,0.0697674418604651,3.506483487969256e-06,19896.697674418603,4.906727773550165e-12,2.856154972663529e-11
GO:0034674,integrin alpha5-beta1 complex,cellular_component,3,2,43,570372,0.0697674418604651,3.506483487969256e-06,19896.697674418603,4.906727773550165e-12,2.856154972663529e-11
GO:0034677,integrin alpha7-beta1 complex,cellular_component,3,2,43,570372,0.0697674418604651,3.506483487969256e-06,19896.697674418603,4.906727773550165e-12,2.856154972663529e-11
GO:0071133,alpha9-beta1 integrin-ADAM8 complex,cellular_component,3,2,43,570372,0.0697674418604651,3.506483487969256e-06,19896.697674418603,4.906727773550165e-12,2.856154972663529e-11
GO:0034681,integrin alpha11-beta1 complex,cellular_component,3,2,43,570372,0.0697674418604651,3.506483487969256e-06,19896.697674418603,4.906727773550165e-12,2.856154972663529e-11
GO:0060912,cardiac cell fate specification,biological_process,3,2,43,570372,0.0697674418604651,3.506483487969256e-06,19896.697674418603,4.906727773550165e-12,2.856154972663529e-11
GO:0050748,negative regulation of lipoprotein metabolic process,biological_process,3,2,43,570372,0.0697674418604651,3.506483487969256e-06,19896.697674418603,4.906727773550165e-12,2.856154972663529e-11
GO:0034687,integrin alphaL-beta2 complex,cellular_component,3,3,43,570371,0.0697674418604651,5.259734453539889e-06,13264.441860465116,9.812900720697292e-12,5.4671875443884905e-11
GO:0034665,integrin alpha1-beta1 complex,cellular_component,3,3,43,570371,0.0697674418604651,5.259734453539889e-06,13264.441860465116,9.812900720697292e-12,5.4671875443884905e-11
GO:0071604,transforming growth factor beta production,biological_process,3,3,43,570371,0.0697674418604651,5.259734453539889e-06,13264.441860465116,9.812900720697292e-12,5.4671875443884905e-11
GO:0034686,integrin alphav-beta8 complex,cellular_component,3,4,43,570370,0.0697674418604651,7.012991566877641e-06,9948.313953488372,1.7171605372006376e-11,9.049900128489846e-11
GO:0035866,alphav-beta3 integrin-PKCalpha complex,cellular_component,3,4,43,570370,0.0697674418604651,7.012991566877641e-06,9948.313953488372,1.7171605372006376e-11,9.049900128489846e-11
GO:0030369,ICAM-3 receptor activity,molecular_function,3,4,43,570370,0.0697674418604651,7.012991566877641e-06,9948.313953488372,1.7171605372006376e-11,9.049900128489846e-11
GO:0051951,positive regulation of glutamate uptake involved in transmission of nerve impulse,biological_process,3,4,43,570370,0.0697674418604651,7.012991566877641e-06,9948.313953488372,1.7171605372006376e-11,9.049900128489846e-11
GO:0034666,integrin alpha2-beta1 complex,cellular_component,3,5,43,570369,0.0697674418604651,8.766254828014847e-06,7958.637209302325,2.747301526192815e-11,1.4097994673884183e-10
GO:0034683,integrin alphav-beta3 complex,cellular_component,3,5,43,570369,0.0697674418604651,8.766254828014847e-06,7958.637209302325,2.747301526192815e-11,1.4097994673884183e-10
GO:0031252,cell leading edge,cellular_component,5,265,41,570109,0.1219512195121951,0.0004648233934212,262.3603313391624,3.0884715358693465e-11,1.5642907779078508e-10
GO:0019960,C-X3-C chemokine binding,molecular_function,3,6,43,570368,0.0697674418604651,1.0519524236983842e-05,6632.186046511628,4.1207193037592975e-11,2.0342791499571208e-10
GO:1901163,regulation of trophoblast cell migration,biological_process,3,6,43,570368,0.0697674418604651,1.0519524236983842e-05,6632.186046511628,4.1207193037592975e-11,2.0342791499571208e-10
GO:0001540,amyloid-beta binding,molecular_function,5,300,41,570074,0.1219512195121951,0.0005262474696267,231.73739837398367,5.693494660997559e-11,2.7755786472363097e-10
GO:0043315,positive regulation of neutrophil degranulation,biological_process,3,7,43,570367,0.0697674418604651,1.2272799793816963e-05,5684.720930232558,5.886409044840255e-11,2.79963357010695e-10
GO:0035868,alphav-beta3 integrin-HMGB1 complex,cellular_component,3,7,43,570367,0.0697674418604651,1.2272799793816963e-05,5684.720930232558,5.886409044840255e-11,2.79963357010695e-10
GO:0043277,apoptotic cell clearance,biological_process,4,81,42,570293,0.0952380952380952,0.0001420322535959,670.5385067607289,7.454591935887857e-11,3.5027600662605603e-10
GO:0032290,peripheral nervous system myelin formation,biological_process,3,8,43,570366,0.0697674418604651,1.4026081498546548e-05,4974.122093023256,8.093354840237489e-11,3.7134216325795536e-10
GO:0007161,calcium-independent cell-matrix adhesion,biological_process,3,8,43,570366,0.0697674418604651,1.4026081498546548e-05,4974.122093023256,8.093354840237489e-11,3.7134216325795536e-10
GO:0009615,response to virus,biological_process,5,334,41,570040,0.1219512195121951,0.0005859237948214,208.1349496129692,9.670198556841156e-11,4.3853226013581987e-10
GO:0038132,neuregulin binding,molecular_function,3,9,43,570365,0.0697674418604651,1.577936935120493e-05,4421.434108527132,1.0790529692208275e-10,4.728434359506997e-10
GO:0150003,regulation of spontaneous synaptic transmission,biological_process,3,9,43,570365,0.0697674418604651,1.577936935120493e-05,4421.434108527132,1.0790529692208275e-10,4.728434359506997e-10
GO:0021943,formation of radial glial scaffolds,biological_process,3,9,43,570365,0.0697674418604651,1.577936935120493e-05,4421.434108527132,1.0790529692208275e-10,4.728434359506997e-10
GO:0038027,apolipoprotein A-I-mediated signaling pathway,biological_process,3,10,43,570364,0.0697674418604651,1.753266335182445e-05,3979.283720930232,1.40268955258793e-10,6.078321394547696e-10
GO:0050731,positive regulation of peptidyl-tyrosine phosphorylation,biological_process,5,374,41,570000,0.1219512195121951,0.0006561403508771,185.861484283292,1.6902696546640492e-10,7.244012805703066e-10
GO:0032369,negative regulation of lipid transport,biological_process,3,12,43,570362,0.0697674418604651,2.1039269797076244e-05,3316.058139534884,2.231299241433917e-10,9.458768523469867e-10
GO:0048626,myoblast fate specification,biological_process,3,13,43,570361,0.0697674418604651,2.279258224177319e-05,3060.97137745975,2.746059190955568e-10,1.1273295626028123e-09
GO:0035878,nail development,biological_process,3,13,43,570361,0.0697674418604651,2.279258224177319e-05,3060.97137745975,2.746059190955568e-10,1.1273295626028123e-09
GO:1905806,regulation of synapse pruning,biological_process,3,13,43,570361,0.0697674418604651,2.279258224177319e-05,3060.97137745975,2.746059190955568e-10,1.1273295626028123e-09
GO:0007044,cell-substrate junction assembly,biological_process,3,14,43,570360,0.0697674418604651,2.454590083456063e-05,2842.3255813953488,3.33431192739127e-10,1.3545642205027034e-09
GO:0150103,reactive gliosis,biological_process,3,15,43,570359,0.0697674418604651,2.6299225575470887e-05,2652.8325581395347,4.0009481033756836e-10,1.5922140411393024e-09
GO:0033631,cell-cell adhesion mediated by integrin,biological_process,3,15,43,570359,0.0697674418604651,2.6299225575470887e-05,2652.8325581395347,4.0009481033756836e-10,1.5922140411393024e-09
GO:0071479,cellular response to ionizing radiation,biological_process,4,134,42,570240,0.0952380952380952,0.0002349887766554,405.28784648187633,5.308237133721908e-10,2.091123719344994e-09
GO:0150053,cerebellar climbing fiber to Purkinje cell synapse,cellular_component,3,17,43,570357,0.0697674418604651,2.980589350178923e-05,2340.7264021887827,5.588927851439346e-10,2.158100853526085e-09
GO:0060435,bronchiole development,biological_process,3,17,43,570357,0.0697674418604651,2.980589350178923e-05,2340.7264021887827,5.588927851439346e-10,2.158100853526085e-09
GO:1990782,protein tyrosine kinase binding,molecular_function,4,138,42,570236,0.0952380952380952,0.0002420050645697,393.53761214630777,5.956977527995571e-10,2.277667878351249e-09
GO:0072126,positive regulation of glomerular mesangial cell proliferation,biological_process,3,18,43,570356,0.0697674418604651,3.1559236687261994e-05,2210.6821705426355,6.520047193136946e-10,2.468755733323699e-09
GO:1903053,regulation of extracellular matrix organization,biological_process,3,19,43,570355,0.0697674418604651,3.331258602098693e-05,2094.326805385557,7.549101514641743e-10,2.830913067990654e-09
GO:0035748,myelin sheath abaxonal region,cellular_component,3,20,43,570354,0.0697674418604651,3.5065941502996385e-05,1989.6069767441857,8.68097593536354e-10,3.2243624902778863e-09
GO:0009611,response to wounding,biological_process,5,523,41,569851,0.1219512195121951,0.0009177837715472,132.875763652474,8.857469507474666e-10,3.258880290485962e-09
GO:0035867,alphav-beta3 integrin-IGF-1-IGF1R complex,cellular_component,3,21,43,570353,0.0697674418604651,3.68193031333227e-05,1894.8604651162789,9.920554463424656e-10,3.5824224451255703e-09
GO:0072378,"blood coagulation, fibrin clot formation",biological_process,3,21,43,570353,0.0697674418604651,3.68193031333227e-05,1894.8604651162789,9.920554463424656e-10,3.5824224451255703e-09
GO:0008277,regulation of G protein-coupled receptor signaling pathway,biological_process,4,165,42,570209,0.0952380952380952,0.0002893675827635,329.12496392496394,1.2014496855900535e-09,4.298764930092852e-09
GO:0070062,extracellular exosome,cellular_component,7,2437,39,567937,0.1794871794871795,0.0042909688926764,41.82905632187536,1.2156676748546587e-09,4.310094483575608e-09
GO:0031581,hemidesmosome assembly,biological_process,3,25,43,570349,0.0697674418604651,4.38328111384433e-05,1591.6716279069767,1.6053551190933252e-09,5.6404369049224954e-09
GO:0045214,sarcomere organization,biological_process,4,180,42,570194,0.0952380952380952,0.000315682031028,301.6899470899471,1.691687907722565e-09,5.890698964391076e-09
GO:0005886,plasma membrane,cellular_component,22,67367,24,503007,0.9166666666666666,0.1339285536781794,6.844445351581634,1.7494880496631083e-09,6.038056100607188e-09
GO:0043184,vascular endothelial growth factor receptor 2 binding,molecular_function,3,27,43,570347,0.0697674418604651,4.7339602031745584e-05,1473.764857881137,1.9893177211479117e-09,6.805560624979698e-09
GO:0005911,cell-cell junction,cellular_component,5,662,41,569712,0.1219512195121951,0.0011619906198219,104.950261587208,2.83711287150459e-09,9.621513216406871e-09
GO:0010745,negative regulation of macrophage derived foam cell differentiation,biological_process,3,31,43,570343,0.0697674418604651,5.435325760112775e-05,1283.5926481620404,2.931375749262482e-09,9.771252497541607e-09
GO:0060379,cardiac muscle cell myoblast differentiation,biological_process,3,31,43,570343,0.0697674418604651,5.435325760112775e-05,1283.5926481620404,2.931375749262482e-09,9.771252497541607e-09
GO:0023035,CD40 signaling pathway,biological_process,3,34,43,570340,0.0697674418604651,5.961356383911352e-05,1170.328317373461,3.8056361716302834e-09,1.2472252999460593e-08
GO:1990314,cellular response to insulin-like growth factor stimulus,biological_process,3,34,43,570340,0.0697674418604651,5.961356383911352e-05,1170.328317373461,3.8056361716302834e-09,1.2472252999460593e-08
GO:0014909,smooth muscle cell migration,biological_process,3,36,43,570338,0.0697674418604651,6.312046540823161e-05,1105.3062015503876,4.4756469347539444e-09,1.454585253795032e-08
GO:0014823,response to activity,biological_process,4,236,42,570138,0.0952380952380952,0.0004139348719082,230.07990314769967,4.9181694333603215e-09,1.5851951066202685e-08
GO:0043589,skin morphogenesis,biological_process,3,40,43,570334,0.0697674418604651,7.013434233273836e-05,994.7686046511628,6.042397396851765e-09,1.9315860530919577e-08
GO:1990266,neutrophil migration,biological_process,3,41,43,570333,0.0697674418604651,7.188782693619341e-05,970.5042541123086,6.484157451230405e-09,2.0559523625852505e-08
GO:0033690,positive regulation of osteoblast proliferation,biological_process,3,42,43,570332,0.0697674418604651,7.364131768864451e-05,947.3953488372092,6.946918808044133e-09,2.1849180122074293e-08
GO:0051279,regulation of release of sequestered calcium ion into cytosol,biological_process,3,44,43,570330,0.0697674418604651,7.714831764066418e-05,904.328752642706,7.937389207155481e-09,2.4568109450719344e-08
GO:0070166,enamel mineralization,biological_process,3,44,43,570330,0.0697674418604651,7.714831764066418e-05,904.328752642706,7.937389207155481e-09,2.4568109450719344e-08
GO:0009925,basal plasma membrane,cellular_component,4,270,42,570104,0.0952380952380952,0.0004735977996997,201.09488536155203,8.364709375637055e-09,2.568690280707442e-08
GO:0042060,wound healing,biological_process,4,278,42,570096,0.0952380952380952,0.0004876371698801,195.3052415210689,9.386690741443624e-09,2.8600073352836052e-08
GO:0031994,insulin-like growth factor I binding,molecular_function,3,48,43,570326,0.0697674418604651,8.41623913340791e-05,828.9622093023256,1.0191720978086133e-08,3.081217970119062e-08
GO:0071260,cellular response to mechanical stimulus,biological_process,4,285,42,570089,0.0952380952380952,0.0004999219420125,190.50593149540515,1.0355094801987155e-08,3.106528440596147e-08
GO:0010888,negative regulation of lipid storage,biological_process,3,49,43,570325,0.0697674418604651,8.59159251304081e-05,812.0431893687708,1.0815092470195391e-08,3.219760353722292e-08
GO:0033630,positive regulation of cell adhesion mediated by integrin,biological_process,3,52,43,570322,0.0697674418604651,9.117656341505326e-05,765.190518783542,1.283646310022676e-08,3.792591370521543e-08
GO:0032594,protein transport within lipid bilayer,biological_process,2,1,44,570373,0.0454545454545454,1.753238670133404e-06,25926.045454545456,1.9084489139418104e-08,5.596203582235385e-08
GO:2000811,negative regulation of anoikis,biological_process,3,60,43,570314,0.0697674418604651,0.0001052052027479,663.1558139534884,1.9421318937627738e-08,5.6524734221453865e-08
GO:0097386,glial cell projection,cellular_component,3,61,43,570313,0.0697674418604651,0.0001069588103374,652.2832634388105,2.0375313899407452e-08,5.8429208976241974e-08
GO:0002042,cell migration involved in sprouting angiogenesis,biological_process,3,61,43,570313,0.0697674418604651,0.0001069588103374,652.2832634388105,2.0375313899407452e-08,5.8429208976241974e-08
GO:2000406,positive regulation of T cell migration,biological_process,3,66,43,570308,0.0697674418604651,0.0001157269405303,602.8625792811839,2.5615459237707672e-08,7.291992045770797e-08
GO:0031527,filopodium membrane,cellular_component,3,67,43,570307,0.0697674418604651,0.0001174805850182,593.8635890315862,2.6760907251189643e-08,7.508455991340977e-08
GO:0032956,regulation of actin cytoskeleton organization,biological_process,4,362,42,570012,0.0952380952380952,0.0006350743493119,149.96369376479873,2.6633519118995947e-08,7.508455991340977e-08
GO:0099149,regulation of postsynaptic neurotransmitter receptor internalization,biological_process,3,69,43,570305,0.0697674418604651,0.0001209878924435,576.6481294236603,2.9153088641874524e-08,8.121217550236474e-08
GO:0008354,germ cell migration,biological_process,3,70,43,570304,0.0697674418604651,0.0001227415553809,568.4093023255814,3.0400788123919214e-08,8.408728630020209e-08
GO:0034669,integrin alpha4-beta7 complex,cellular_component,2,2,44,570372,0.0454545454545454,3.506483487969256e-06,12963.0,3.816701547755611e-08,1.026561105948061e-07
GO:0003366,cell-matrix adhesion involved in ameboidal cell migration,biological_process,2,2,44,570372,0.0454545454545454,3.506483487969256e-06,12963.0,3.816701547755611e-08,1.026561105948061e-07
GO:0034684,integrin alphav-beta5 complex,cellular_component,2,2,44,570372,0.0454545454545454,3.506483487969256e-06,12963.0,3.816701547755611e-08,1.026561105948061e-07
GO:0034688,integrin alphaM-beta2 complex,cellular_component,2,2,44,570372,0.0454545454545454,3.506483487969256e-06,12963.0,3.816701547755611e-08,1.026561105948061e-07
GO:0036120,cellular response to platelet-derived growth factor stimulus,biological_process,3,77,43,570297,0.0697674418604651,0.0001350173681432,516.7293868921776,4.014310537746711e-08,1.0723158285761761e-07
GO:0050730,regulation of peptidyl-tyrosine phosphorylation,biological_process,3,81,43,570293,0.0697674418604651,0.0001420322535959,491.20844099913865,4.6544922868716024e-08,1.234865300598588e-07
GO:0045780,positive regulation of bone resorption,biological_process,3,82,43,570292,0.0697674418604651,0.0001437859903347,485.21724333522405,4.8245058608446905e-08,1.2627901246506236e-07
GO:0043129,surfactant homeostasis,biological_process,3,82,43,570292,0.0697674418604651,0.0001437859903347,485.21724333522405,4.8245058608446905e-08,1.2627901246506236e-07
GO:0031258,lamellipodium membrane,cellular_component,3,84,43,570290,0.0697674418604651,0.0001472934822634,473.6627906976744,5.17683191265237e-08,1.345976297289616e-07
GO:0032930,positive regulation of superoxide anion generation,biological_process,3,91,43,570283,0.0697674418604651,0.0001595698977525,437.221824686941,6.544164638694417e-08,1.6902147080071668e-07
GO:0046847,filopodium assembly,biological_process,3,92,43,570282,0.0697674418604651,0.000161323695996,432.4686552072801,6.757179337251763e-08,1.7337499615317025e-07
GO:0035024,negative regulation of Rho protein signal transduction,biological_process,3,93,43,570281,0.0697674418604651,0.0001630775003901,427.8177044261065,6.974758592527212e-08,1.7778796412324266e-07
GO:0071711,basement membrane organization,biological_process,3,95,43,570279,0.0697674418604651,0.0001665851276305,418.809547123623,7.423802904123436e-08,1.8679246016826717e-07
GO:0043236,laminin binding,molecular_function,3,95,43,570279,0.0697674418604651,0.0001665851276305,418.809547123623,7.423802904123436e-08,1.8679246016826717e-07
GO:0042383,sarcolemma,cellular_component,4,476,42,569898,0.0952380952380952,0.0008352371827941,114.02521008403362,7.85695796942772e-08,1.960354062075337e-07
GO:0055091,phospholipid homeostasis,biological_process,3,97,43,570277,0.0697674418604651,0.0001700927794738,410.1728602253656,7.891681737072512e-08,1.960354062075337e-07
GO:0048008,platelet-derived growth factor receptor signaling pathway,biological_process,3,98,43,570276,0.0697674418604651,0.0001718466146216,405.9867109634552,8.13280410139563e-08,2.0074643035090483e-07
GO:0001954,positive regulation of cell-matrix adhesion,biological_process,3,101,43,570273,0.0697674418604651,0.0001771081569704,393.9256274464656,8.885478740520193e-08,2.165835443001797e-07
GO:0055007,cardiac muscle cell differentiation,biological_process,3,101,43,570273,0.0697674418604651,0.0001771081569704,393.9256274464656,8.885478740520193e-08,2.165835443001797e-07
GO:0030054,cell junction,cellular_component,4,501,42,569873,0.0952380952380952,0.000879143247706,108.33057694135536,9.6180220579034e-08,2.30124454146155e-07
GO:1901979,regulation of inward rectifier potassium channel activity,biological_process,2,4,44,570370,0.0454545454545454,7.012991566877641e-06,6481.477272727273,9.54077255209063e-08,2.30124454146155e-07
GO:0006955,immune response,biological_process,5,1353,41,569021,0.1219512195121951,0.0023777681315803,51.28810412272637,9.596190792659753e-08,2.30124454146155e-07
GO:0140677,molecular function activator activity,molecular_function,3,104,43,570270,0.0697674418604651,0.0001823697546776,382.5603756708408,9.683121743759445e-08,2.302693585406209e-07
GO:0014911,positive regulation of smooth muscle cell migration,biological_process,3,107,43,570267,0.0697674418604651,0.000187631407744,371.8324277331015,1.0527027153073485e-07,2.488206417999187e-07
GO:0050840,extracellular matrix binding,molecular_function,3,110,43,570264,0.0697674418604651,0.0001928931161707,361.68964059196617,1.1418488120572837e-07,2.650720456561551e-07
GO:0050919,negative chemotaxis,biological_process,3,110,43,570264,0.0697674418604651,0.0001928931161707,361.68964059196617,1.1418488120572837e-07,2.650720456561551e-07
GO:0030032,lamellipodium assembly,biological_process,3,110,43,570264,0.0697674418604651,0.0001928931161707,361.68964059196617,1.1418488120572837e-07,2.650720456561551e-07
GO:0090303,positive regulation of wound healing,biological_process,3,111,43,570263,0.0697674418604651,0.000194647031282,358.43054682589565,1.1726433058187049e-07,2.706099936504704e-07
GO:2000352,negative regulation of endothelial cell apoptotic process,biological_process,3,112,43,570262,0.0697674418604651,0.0001964009525446,355.2296511627907,1.2039853379310026e-07,2.7620840105475934e-07
GO:0031528,microvillus membrane,cellular_component,3,118,43,570256,0.0697674418604651,0.0002069246092982,337.1635790303508,1.4038036031612516e-07,3.2016573405432056e-07
GO:0001573,ganglioside metabolic process,biological_process,2,6,44,570368,0.0454545454545454,1.0519524236983842e-05,4320.969696969697,1.780761050856906e-07,4.037772150198798e-07
GO:0070527,platelet aggregation,biological_process,3,143,43,570231,0.0697674418604651,0.0002507755628859,278.2067002764677,2.473218281291839e-07,5.575463177478712e-07
GO:0031345,negative regulation of cell projection organization,biological_process,2,8,44,570366,0.0454545454545454,1.4026081498546548e-05,3240.715909090909,2.861643074511316e-07,6.377375994625218e-07
GO:0043588,skin development,biological_process,3,150,43,570224,0.0697674418604651,0.0002630545189258,265.22046511627906,2.847863968448653e-07,6.377375994625218e-07
GO:0002052,positive regulation of neuroblast proliferation,biological_process,3,153,43,570221,0.0697674418604651,0.0002683170209445,260.0186958504332,3.0193305039030125e-07,6.652762127243925e-07
GO:0048675,axon extension,biological_process,3,153,43,570221,0.0697674418604651,0.0002683170209445,260.0186958504332,3.0193305039030125e-07,6.652762127243925e-07
GO:0007405,neuroblast proliferation,biological_process,3,154,43,570220,0.0697674418604651,0.0002700712005892,258.3298097251585,3.077974662588965e-07,6.743877069717394e-07
GO:0048286,lung alveolus development,biological_process,3,156,43,570218,0.0697674418604651,0.0002735795783367,255.0169946332737,3.197524375471664e-07,6.966673220301389e-07
GO:1900026,positive regulation of substrate adhesion-dependent cell spreading,biological_process,3,157,43,570217,0.0697674418604651,0.0002753337764394,253.3922381869353,3.2584394010396536e-07,7.020946775720801e-07
GO:0007566,embryo implantation,biological_process,3,157,43,570217,0.0697674418604651,0.0002753337764394,253.3922381869353,3.2584394010396536e-07,7.020946775720801e-07
GO:0045123,cellular extravasation,biological_process,2,9,44,570365,0.0454545454545454,1.577936935120493e-05,2880.631313131313,3.497383905500336e-07,7.494394083215005e-07
GO:0044877,protein-containing complex binding,molecular_function,5,1769,41,568605,0.1219512195121951,0.0031111228357119,39.19845854761543,3.56698722012135e-07,7.601776042881566e-07
GO:0044853,plasma membrane raft,cellular_component,3,165,43,570209,0.0697674418604651,0.0002893675827635,241.1031712473573,3.773748323546676e-07,7.955469438828128e-07
GO:0060395,SMAD protein signal transduction,biological_process,3,165,43,570209,0.0697674418604651,0.0002893675827635,241.1031712473573,3.773748323546676e-07,7.955469438828128e-07
GO:0003756,protein disulfide isomerase activity,molecular_function,3,170,43,570204,0.0697674418604651,0.0002981389116877,234.00984952120385,4.121801073039534e-07,8.642486120889346e-07
GO:0019901,protein kinase binding,molecular_function,5,1883,41,568491,0.1219512195121951,0.003312277591026,36.81793453622269,4.838682852023913e-07,1.0091370653953614e-06
GO:0005080,protein kinase C binding,molecular_function,3,189,43,570185,0.0697674418604651,0.0003314713645571,210.4780361757106,5.638170750625566e-07,1.1696205280553031e-06
GO:0010628,positive regulation of gene expression,biological_process,5,1955,41,568419,0.1219512195121951,0.0034393642717783,35.457488615806874,5.810453552259333e-07,1.1939117155199903e-06
GO:0030030,cell projection organization,biological_process,3,191,43,570183,0.0697674418604651,0.0003349801730321,208.2733471325947,5.816492973046107e-07,1.1939117155199903e-06
GO:0048870,cell motility,biological_process,3,194,43,570180,0.0697674418604651,0.0003402434318986,205.05154639175257,6.090938557486599e-07,1.243699496031295e-06
GO:0030168,platelet activation,biological_process,3,196,43,570178,0.0697674418604651,0.0003437523019127,202.95847176079727,6.278598556985093e-07,1.2753403318875971e-06
GO:0014704,intercalated disc,cellular_component,3,198,43,570176,0.0697674418604651,0.0003472611965428,200.907681465821,6.470059375062137e-07,1.3006820393166153e-06
GO:0008542,visual learning,biological_process,3,198,43,570176,0.0697674418604651,0.0003472611965428,200.907681465821,6.470059375062137e-07,1.3006820393166153e-06
GO:0045665,negative regulation of neuron differentiation,biological_process,3,213,43,570161,0.0697674418604651,0.0003735786909311,186.7543399934491,8.030951081374214e-07,1.6061902162748428e-06
GO:1990430,extracellular matrix protein binding,molecular_function,2,15,44,570359,0.0454545454545454,2.6299225575470887e-05,1728.3606060606062,8.645408740198254e-07,1.7115276186179284e-06
GO:0070051,fibrinogen binding,molecular_function,2,15,44,570359,0.0454545454545454,2.6299225575470887e-05,1728.3606060606062,8.645408740198254e-07,1.7115276186179284e-06
GO:0048661,positive regulation of smooth muscle cell proliferation,biological_process,3,238,43,570136,0.0697674418604651,0.0004174442589136,167.1299589603283,1.1155104496638844e-06,2.197217552368257e-06
GO:0010595,positive regulation of endothelial cell migration,biological_process,3,240,43,570134,0.0697674418604651,0.0004209536705406,165.73662790697674,1.1435023418314686e-06,2.241034740272728e-06
GO:0001570,vasculogenesis,biological_process,3,244,43,570130,0.0697674418604651,0.00042797256766,163.01849027830727,1.200876534551666e-06,2.3417092423757487e-06
GO:0001851,complement component C3b binding,molecular_function,2,18,44,570356,0.0454545454545454,3.1559236687261994e-05,1440.292929292929,1.2076281481292866e-06,2.343159093385183e-06
GO:0048813,dendrite morphogenesis,biological_process,3,248,43,570126,0.0697674418604651,0.0004349915632684,160.38803450862716,1.260129358284793e-06,2.43292301847064e-06
GO:0045202,synapse,cellular_component,5,2298,41,568076,0.1219512195121951,0.0040452333842654,30.146893374938973,1.2758851114594256e-06,2.4512078496018524e-06
GO:0048146,positive regulation of fibroblast proliferation,biological_process,3,253,43,570121,0.0697674418604651,0.0004437654462824,157.21693170328157,1.33688242688773e-06,2.5558046396383072e-06
GO:0032154,cleavage furrow,cellular_component,3,275,43,570099,0.0697674418604651,0.0004823723598883,144.6339957716702,1.7114851493487625e-06,3.2401903312913464e-06
GO:0060348,bone development,biological_process,3,275,43,570099,0.0697674418604651,0.0004823723598883,144.6339957716702,1.7114851493487625e-06,3.2401903312913464e-06
GO:0001938,positive regulation of endothelial cell proliferation,biological_process,3,279,43,570095,0.0697674418604651,0.0004893921188573,142.55938984746186,1.7863016257955548e-06,3.3654958167162624e-06
GO:0071466,cellular response to xenobiotic stimulus,biological_process,3,296,43,570078,0.0697674418604651,0.0005192271934717,134.3678504085481,2.128472734511735e-06,3.990886377209503e-06
GO:0000082,G1/S transition of mitotic cell cycle,biological_process,3,305,43,570069,0.0697674418604651,0.0005350229533617,130.40083873427375,2.326022298232651e-06,4.340424384261885e-06
GO:0030593,neutrophil chemotaxis,biological_process,3,318,43,570056,0.0697674418604651,0.0005578399315155,125.06713470820536,2.63226782078891e-06,4.888497381465119e-06
GO:0000132,establishment of mitotic spindle orientation,biological_process,3,321,43,570053,0.0697674418604651,0.000563105535801,123.89763094979352,2.706538298985648e-06,5.002606334618022e-06
GO:0030175,filopodium,cellular_component,3,341,43,570033,0.0697674418604651,0.0005982109807677,116.6268157948578,3.2374176815484176e-06,5.955626866999447e-06
GO:0072678,T cell migration,biological_process,2,33,44,570341,0.0454545454545454,5.786012227772508e-05,785.5936639118457,3.778867176041721e-06,6.919052575851038e-06
GO:0001664,G protein-coupled receptor binding,molecular_function,3,362,43,570012,0.0697674418604651,0.0006350743493119,109.85712450212,3.864610430318529e-06,7.042981625346851e-06
GO:0097242,amyloid-beta clearance,biological_process,2,36,44,570338,0.0454545454545454,6.312046540823161e-05,720.1237373737374,4.4640905620914106e-06,8.09765264751465e-06
GO:0098685,Schaffer collateral - CA1 synapse,cellular_component,3,392,43,569982,0.0697674418604651,0.0006877410163829,101.44435215946844,4.8927692778787656e-06,8.834166751725548e-06
GO:0090136,epithelial cell-cell adhesion,biological_process,2,39,44,570335,0.0454545454545454,6.838086387824699e-05,664.7261072261073,5.206244199781993e-06,9.356844414354732e-06
GO:0032880,regulation of protein localization,biological_process,3,416,43,569958,0.0697674418604651,0.0007298783419129,95.58776833631484,5.834538139671583e-06,1.043793520399962e-05
GO:0031594,neuromuscular junction,cellular_component,3,421,43,569953,0.0697674418604651,0.0007386573980661,94.45169308954316,6.044719425710608e-06,1.076456884030656e-05
GO:0006954,inflammatory response,biological_process,4,1488,42,568886,0.0952380952380952,0.0026156382825381,36.4110343061956,6.969395460388662e-06,1.2354837407052628e-05
GO:0002523,leukocyte migration involved in inflammatory response,biological_process,2,51,44,570323,0.0454545454545454,8.942301117086283e-05,508.3092691622104,8.743633692259568e-06,1.5429941809869826e-05
GO:0051393,alpha-actinin binding,molecular_function,2,62,44,570312,0.0454545454545454,0.0001087124240766,418.11730205278593,1.27846152663486e-05,2.2459459251693487e-05
GO:0022011,myelination in peripheral nervous system,biological_process,2,66,44,570308,0.0454545454545454,0.0001157269405303,392.7741046831956,1.4443137595378917e-05,2.503477183199012e-05
GO:0043149,stress fiber assembly,biological_process,2,66,44,570308,0.0454545454545454,0.0001157269405303,392.7741046831956,1.4443137595378917e-05,2.503477183199012e-05
GO:0002687,positive regulation of leukocyte migration,biological_process,2,66,44,570308,0.0454545454545454,0.0001157269405303,392.7741046831956,1.4443137595378917e-05,2.503477183199012e-05
GO:0016324,apical plasma membrane,cellular_component,4,1845,42,568529,0.0952380952380952,0.0032452170425783,29.347218995999484,1.6109714872694662e-05,2.779995044403061e-05
GO:0051897,positive regulation of protein kinase B signaling,biological_process,3,603,43,569771,0.0697674418604651,0.0010583199215123,65.92282772185584,1.7504870985498525e-05,3.007444794865385e-05
GO:0098609,cell-cell adhesion,biological_process,3,650,43,569724,0.0697674418604651,0.0011409033145874,61.15105545617173,2.1851607919445443e-05,3.73777503885251e-05
GO:0017134,fibroblast growth factor binding,molecular_function,2,83,44,570291,0.0454545454545454,0.0001455397332239,312.3170865279299,2.261499589706576e-05,3.851462183343077e-05
GO:0043197,dendritic spine,cellular_component,3,661,43,569713,0.0697674418604651,0.0011602333104563,60.13225204939662,2.296209728620837e-05,3.8935730180962026e-05
GO:0035987,endodermal cell differentiation,biological_process,2,87,44,570287,0.0454545454545454,0.0001525547662843,297.95559038662486,2.480171333744216e-05,4.169253535173466e-05
GO:0001894,tissue homeostasis,biological_process,2,87,44,570287,0.0454545454545454,0.0001525547662843,297.95559038662486,2.480171333744216e-05,4.169253535173466e-05
GO:0001701,in utero embryonic development,biological_process,3,752,43,569622,0.0697674418604651,0.001320173729245,52.84716724393864,3.3601179944959126e-05,5.6242318362807126e-05
GO:0006911,"phagocytosis, engulfment",biological_process,2,111,44,570263,0.0454545454545454,0.000194647031282,233.52293202293205,4.002853803947653e-05,6.671423006579421e-05
GO:0043542,endothelial cell migration,biological_process,2,118,44,570256,0.0454545454545454,0.0002069246092982,219.66718027734976,4.5148697333987736e-05,7.492762536278816e-05
GO:0070374,positive regulation of ERK1 and ERK2 cascade,biological_process,3,850,43,569524,0.0697674418604651,0.0014924744172326,46.7461559507524,4.821228307701382e-05,7.967284067811606e-05
GO:0016477,cell migration,biological_process,3,881,43,569493,0.0697674418604651,0.0015469900420198,45.09883061003617,5.3574909932302445e-05,8.779081879663005e-05
GO:0051726,regulation of cell cycle,biological_process,3,880,43,569494,0.0697674418604651,0.0015452313808398,45.15015856236786,5.339610715208454e-05,8.779081879663005e-05
GO:0045807,positive regulation of endocytosis,biological_process,2,138,44,570236,0.0454545454545454,0.0002420050645697,187.8247694334651,6.14629593788685e-05,0.0001002952056809
GO:0010811,positive regulation of cell-substrate adhesion,biological_process,2,140,44,570234,0.0454545454545454,0.0002455132454395,185.1409090909091,6.323149532729652e-05,0.0001027511799068
GO:0031072,heat shock protein binding,molecular_function,3,1009,43,569365,0.0697674418604651,0.0017721496755157,39.3688201535022,7.983568695023851e-05,0.0001291946801269
GO:0099561,synaptic membrane adhesion to extracellular matrix,biological_process,1,0,45,570374,0.0222222222222222,0.0,inf,8.064233371421021e-05,0.0001299607857377
GO:0015026,coreceptor activity,molecular_function,2,161,44,570213,0.0454545454545454,0.0002823506303784,160.98616600790513,8.330286987333171e-05,0.0001336959639942
GO:0046716,muscle cell cellular homeostasis,biological_process,2,167,44,570207,0.0454545454545454,0.0002928760958739,155.20059880239523,8.954048451748904e-05,0.0001431179875484
GO:0070830,bicellular tight junction assembly,biological_process,2,169,44,570205,0.0454545454545454,0.0002963846335966,153.36336740182895,9.166928757357932e-05,0.0001459225394028
GO:0045429,positive regulation of nitric oxide biosynthetic process,biological_process,2,172,44,570202,0.0454545454545454,0.0003016474863294,150.68763213530656,9.490896394644452e-05,0.0001504654306468
GO:0007157,heterophilic cell-cell adhesion via plasma membrane cell adhesion molecules,biological_process,2,179,44,570195,0.0454545454545454,0.0003139276914038,144.79304215337737,0.000102684942502,0.0001621341197401
GO:0006914,autophagy,biological_process,3,1159,43,569215,0.0697674418604651,0.0020361374875925,34.26460260449064,0.000119885528122,0.0001885296611596
GO:0005654,nucleoplasm,cellular_component,6,9784,40,560590,0.15,0.017453040546567,8.59449100572363,0.0001326745861507,0.0002069723543951
GO:0043065,positive regulation of apoptotic process,biological_process,3,1199,43,569175,0.0697674418604651,0.0021065577370755,33.119169075004365,0.0001324096831004,0.0002069723543951
GO:0000902,cell morphogenesis,biological_process,3,1270,43,569104,0.0697674418604651,0.0022315780595462,31.263724592565467,0.0001566801198498,0.000243447198173
GO:0034678,integrin alpha8-beta1 complex,cellular_component,1,1,45,570373,0.0222222222222222,1.753238670133404e-06,12674.955555555556,0.0001612783056229,0.0002476320440667
GO:0034689,integrin alphaX-beta2 complex,cellular_component,1,1,45,570373,0.0222222222222222,1.753238670133404e-06,12674.955555555556,0.0001612783056229,0.0002476320440667
GO:0002387,immune response in gut-associated lymphoid tissue,biological_process,1,1,45,570373,0.0222222222222222,1.753238670133404e-06,12674.955555555556,0.0001612783056229,0.0002476320440667
GO:0005518,collagen binding,molecular_function,2,228,44,570146,0.0454545454545454,0.000399897570096,113.66547049441786,0.0001655868262111,0.0002532504400875
GO:0006898,receptor-mediated endocytosis,biological_process,2,246,44,570128,0.0454545454545454,0.0004314820531529,105.34515890613451,0.0001924019971932,0.0002931124175991
GO:0070161,anchoring junction,cellular_component,2,263,44,570111,0.0454545454545454,0.0004613136740038,98.53283788454893,0.0002195490496199,0.0003331678184893
GO:0005102,signaling receptor binding,molecular_function,3,1452,43,568922,0.0697674418604651,0.0025521952042635,27.33624831827792,0.000231628277531,0.0003487838928073
GO:0019899,enzyme binding,molecular_function,3,1452,43,568922,0.0697674418604651,0.0025521952042635,27.33624831827792,0.000231628277531,0.0003487838928073
GO:0071062,alphav-beta3 integrin-vitronectin complex,cellular_component,1,2,45,570372,0.0222222222222222,3.506483487969256e-06,6337.466666666666,0.0002419079161655,0.0003614715988679
GO:1904901,positive regulation of myosin II filament organization,biological_process,1,2,45,570372,0.0222222222222222,3.506483487969256e-06,6337.466666666666,0.0002419079161655,0.0003614715988679
GO:0016328,lateral plasma membrane,cellular_component,2,282,44,570092,0.0454545454545454,0.0004946570027293,91.89103803997422,0.0002519780930106,0.000375081894176
GO:0051216,cartilage development,biological_process,2,293,44,570081,0.0454545454545454,0.0005139620510067,88.43949736270555,0.0002717578167681,0.0004029868765763
GO:0045666,positive regulation of neuron differentiation,biological_process,2,312,44,570062,0.0454545454545454,0.0005473088892085,83.05099067599068,0.000307654306186,0.0004544893159566
GO:0003779,actin binding,molecular_function,3,1622,43,568752,0.0697674418604651,0.0028518581033561,24.46385455796748,0.0003196669290722,0.0004704532163704
GO:0007508,larval heart development,biological_process,1,3,45,570371,0.0222222222222222,5.259734453539889e-06,4224.970370370371,0.0003225311659033,0.0004711129389599
GO:0034668,integrin alpha4-beta1 complex,cellular_component,1,3,45,570371,0.0222222222222222,5.259734453539889e-06,4224.970370370371,0.0003225311659033,0.0004711129389599
GO:0046718,viral entry into host cell,biological_process,3,1755,43,568619,0.0697674418604651,0.0030864251810087,22.60461140926257,0.0004017931681826,0.0005823249687162
GO:2000363,positive regulation of prostaglandin-E synthase activity,biological_process,1,4,45,570370,0.0222222222222222,7.012991566877641e-06,3168.722222222222,0.0004031480552651,0.0005823249687162
GO:0035295,tube development,biological_process,1,4,45,570370,0.0222222222222222,7.012991566877641e-06,3168.722222222222,0.0004031480552651,0.0005823249687162
GO:0050804,modulation of chemical synaptic transmission,biological_process,2,367,44,570007,0.0454545454545454,0.0006438517421715,70.5978449343572,0.0004238741892292,0.0006100034457542
GO:0005737,cytoplasm,cellular_component,3,163637,43,406737,0.0697674418604651,0.4023164846079899,0.1734143256109559,0.0004377325448363,0.0006276312223756
GO:0016340,calcium-dependent cell-matrix adhesion,biological_process,1,5,45,570369,0.0222222222222222,8.766254828014847e-06,2534.9733333333334,0.0004837585847823,0.0006885614892886
GO:0035001,"dorsal trunk growth, open tracheal system",biological_process,1,5,45,570369,0.0222222222222222,8.766254828014847e-06,2534.9733333333334,0.0004837585847823,0.0006885614892886
GO:0005813,centrosome,cellular_component,3,1894,43,568480,0.0697674418604651,0.0033316915282859,20.94054664669336,0.0005009614638348,0.0007104544396202
GO:0019900,kinase binding,molecular_function,2,422,44,569952,0.0454545454545454,0.0007404132277805,61.39077983627747,0.0005582685132057,0.0007888576817037
GO:0001669,acrosomal vesicle,cellular_component,2,450,44,569924,0.0454545454545454,0.0007895789614053,57.56808080808081,0.0006336186291662,0.000892098430956
GO:1905598,negative regulation of low-density lipoprotein receptor activity,biological_process,1,7,45,570367,0.0222222222222222,1.2272799793816963e-05,1810.6888888888889,0.0006449605661193,0.0008983379313805
GO:0035160,"maintenance of epithelial integrity, open tracheal system",biological_process,1,7,45,570367,0.0222222222222222,1.2272799793816963e-05,1810.6888888888889,0.0006449605661193,0.0008983379313805
GO:0007377,germ-band extension,biological_process,1,7,45,570367,0.0222222222222222,1.2272799793816963e-05,1810.6888888888889,0.0006449605661193,0.0008983379313805
GO:0010976,positive regulation of neuron projection development,biological_process,2,472,44,569902,0.0454545454545454,0.0008282125698804,54.88270416024654,0.0006960849769533,0.0009660965872306
GO:1903354,regulation of distal tip cell migration,biological_process,1,8,45,570366,0.0222222222222222,1.4026081498546548e-05,1584.35,0.0007255520190366,0.0010034230050507
GO:0010467,gene expression,biological_process,2,501,44,569873,0.0454545454545454,0.000879143247706,51.70322990382871,0.0007827956729736,0.0010787643549813
GO:0036119,response to platelet-derived growth factor,biological_process,1,9,45,570365,0.0222222222222222,1.577936935120493e-05,1408.3086419753083,0.0008061371139465,0.0011031349980321
GO:0045963,negative regulation of dopamine metabolic process,biological_process,1,9,45,570365,0.0222222222222222,1.577936935120493e-05,1408.3086419753083,0.0008061371139465,0.0011031349980321
GO:0072327,vulval cell fate specification,biological_process,1,10,45,570364,0.0222222222222222,1.753266335182445e-05,1267.4755555555555,0.0008867158515279,0.0012091579793562
GO:0031175,neuron projection development,biological_process,2,556,44,569818,0.0454545454545454,0.0009757501518028,46.584205362982345,0.0009608178893711,0.001305641034337
GO:0021551,central nervous system morphogenesis,biological_process,1,11,45,570363,0.0222222222222222,1.928596350043744e-05,1152.2484848484848,0.0009672882321735,0.0013098694810682
GO:2000273,positive regulation of signaling receptor activity,biological_process,1,14,45,570360,0.0222222222222222,2.454590083456063e-05,905.3333333333334,0.0012089672375713,0.0016258524919063
GO:0005912,adherens junction,cellular_component,2,624,44,569750,0.0454545454545454,0.0010952172005265,41.50276806526807,0.0012052910737593,0.0016258524919063
GO:0097368,establishment of Sertoli cell barrier,biological_process,1,15,45,570359,0.0222222222222222,2.6299225575470887e-05,844.9762962962964,0.0012895141953354,0.0017282149009649
GO:0008283,cell population proliferation,biological_process,2,694,44,569680,0.0454545454545454,0.0012182277769976,37.312025150641865,0.0014848191612957,0.0019831488798127
GO:0030182,neuron differentiation,biological_process,2,703,44,569671,0.0454545454545454,0.0012340456158028,36.83376438639597,0.001522793495714,0.0020269264960016
GO:0032991,protein-containing complex,cellular_component,3,2807,43,567567,0.0697674418604651,0.0049456716123382,14.106767963811402,0.0015475878393256,0.0020529226440033
GO:0048858,cell projection morphogenesis,biological_process,1,19,45,570355,0.0222222222222222,3.331258602098693e-05,667.0818713450293,0.0016116384872345,0.0021234426014238
GO:0005927,muscle tendon junction,cellular_component,1,19,45,570355,0.0222222222222222,3.331258602098693e-05,667.0818713450293,0.0016116384872345,0.0021234426014238
GO:0003344,pericardium morphogenesis,biological_process,1,20,45,570354,0.0222222222222222,3.5065941502996385e-05,633.7266666666667,0.0016921536777651,0.002207156970998
GO:0035011,melanotic encapsulation of foreign target,biological_process,1,20,45,570354,0.0222222222222222,3.5065941502996385e-05,633.7266666666667,0.0016921536777651,0.002207156970998
GO:0055002,striated muscle cell development,biological_process,1,20,45,570354,0.0222222222222222,3.5065941502996385e-05,633.7266666666667,0.0016921536777651,0.002207156970998
GO:0048803,imaginal disc-derived male genitalia morphogenesis,biological_process,1,21,45,570353,0.0222222222222222,3.68193031333227e-05,603.5481481481481,0.0017726625161343,0.0023044612709746
GO:0034698,response to gonadotropin,biological_process,1,24,45,570350,0.0222222222222222,4.207942491452617e-05,528.1018518518518,0.0020141509241089,0.0026010558291473
GO:0016203,muscle attachment,biological_process,1,24,45,570350,0.0222222222222222,4.207942491452617e-05,528.1018518518518,0.0020141509241089,0.0026010558291473
GO:0060279,positive regulation of ovulation,biological_process,1,25,45,570349,0.0222222222222222,4.38328111384433e-05,506.97688888888894,0.0020946343592308,0.0026783849183607
GO:0007431,salivary gland development,biological_process,1,25,45,570349,0.0222222222222222,4.38328111384433e-05,506.97688888888894,0.0020946343592308,0.0026783849183607
GO:0048471,perinuclear region of cytoplasm,cellular_component,3,3122,43,567252,0.0697674418604651,0.0055037267387334,12.676400041714466,0.0020914867615599,0.0026783849183607
GO:0006930,"substrate-dependent cell migration, cell extension",biological_process,1,28,45,570346,0.0222222222222222,4.909300670119542e-05,452.6555555555556,0.0023360465697985,0.0029676161635877
GO:0031092,platelet alpha granule membrane,cellular_component,1,28,45,570346,0.0222222222222222,4.909300670119542e-05,452.6555555555556,0.0023360465697985,0.0029676161635877
GO:0045124,regulation of bone resorption,biological_process,1,29,45,570345,0.0222222222222222,5.084641751922082e-05,437.04597701149424,0.0024165046095008,0.0030499572741272
GO:0071559,response to transforming growth factor beta,biological_process,1,29,45,570345,0.0222222222222222,5.084641751922082e-05,437.04597701149424,0.0024165046095008,0.0030499572741272
GO:0060674,placenta blood vessel development,biological_process,1,32,45,570342,0.0222222222222222,5.610668686507394e-05,396.0708333333333,0.0026578406458007,0.0033437350060073
GO:0060298,positive regulation of sarcomere organization,biological_process,1,33,45,570341,0.0222222222222222,5.786012227772508e-05,384.0680134680135,0.002738273298242,0.0034119060265636
GO:0090129,positive regulation of synapse maturation,biological_process,1,33,45,570341,0.0222222222222222,5.786012227772508e-05,384.0680134680135,0.002738273298242,0.0034119060265636
GO:0060055,angiogenesis involved in wound healing,biological_process,1,33,45,570341,0.0222222222222222,5.786012227772508e-05,384.0680134680135,0.002738273298242,0.0034119060265636
GO:0040028,regulation of vulval development,biological_process,1,34,45,570340,0.0222222222222222,5.961356383911352e-05,372.7712418300654,0.0028186996051464,0.0034898185587527
GO:0035099,hemocyte migration,biological_process,1,34,45,570340,0.0222222222222222,5.961356383911352e-05,372.7712418300654,0.0028186996051464,0.0034898185587527
GO:0071305,cellular response to vitamin D,biological_process,1,39,45,570335,0.0222222222222222,6.838086387824699e-05,324.977207977208,0.0032207359714376,0.0039749589520908
GO:0050798,activated T cell proliferation,biological_process,1,41,45,570333,0.0222222222222222,7.188782693619341e-05,309.1235772357724,0.0033815061156675,0.0041602125713259
GO:0007629,flight behavior,biological_process,1,42,45,570332,0.0222222222222222,7.364131768864451e-05,301.76296296296294,0.0034618816745967,0.0042457039405432
GO:0005938,cell cortex,cellular_component,2,1077,44,569297,0.0454545454545454,0.0018918069127362,24.02705326242931,0.0035011032590252,0.0042803456771782
GO:0051492,regulation of stress fiber assembly,biological_process,1,46,45,570328,0.0222222222222222,8.065534218905612e-05,275.5207729468599,0.0037833205041396,0.0045965576218519
GO:0005161,platelet-derived growth factor receptor binding,molecular_function,1,46,45,570328,0.0222222222222222,8.065534218905612e-05,275.5207729468599,0.0037833205041396,0.0045965576218519
GO:0010629,negative regulation of gene expression,biological_process,2,1134,44,569240,0.0454545454545454,0.0019921298573536,22.81705948372615,0.0038696630508022,0.0046868589745741
GO:0019904,protein domain specific binding,molecular_function,2,1141,44,569233,0.0454545454545454,0.0020044516041761,22.67679866146124,0.0039161189475001,0.0047284408344428
GO:0030949,positive regulation of vascular endothelial growth factor receptor signaling pathway,biological_process,1,50,45,570324,0.0222222222222222,8.76694650759919e-05,253.4773333333333,0.0041046579048682,0.0049407919225265
GO:0040017,positive regulation of locomotion,biological_process,1,53,45,570321,0.0222222222222222,9.293012180859552e-05,239.12830188679249,0.0043455944116826,0.00519871724097
GO:0048680,positive regulation of axon regeneration,biological_process,1,53,45,570321,0.0222222222222222,9.293012180859552e-05,239.12830188679249,0.0043455944116826,0.00519871724097
GO:0035633,maintenance of blood-brain barrier,biological_process,1,54,45,570320,0.0222222222222222,9.468368635152196e-05,234.69958847736623,0.0044258939083082,0.0052624958056104
GO:0035313,"wound healing, spreading of epidermal cells",biological_process,1,54,45,570320,0.0222222222222222,9.468368635152196e-05,234.69958847736623,0.0044258939083082,0.0052624958056104
GO:0043034,costamere,cellular_component,1,57,45,570317,0.0222222222222222,9.994441687692984e-05,222.34580896686165,0.0046667543878281,0.005515255185615
GO:0032147,activation of protein kinase activity,biological_process,1,57,45,570317,0.0222222222222222,9.994441687692984e-05,222.34580896686165,0.0046667543878281,0.005515255185615
GO:0055120,striated muscle dense body,cellular_component,1,58,45,570316,0.0222222222222222,0.0001016980060177,218.51187739463603,0.0047470285454432,0.0055931756275615
GO:0031965,nuclear membrane,cellular_component,2,1267,44,569107,0.0454545454545454,0.0022262948795217,20.4171270718232,0.0047965378777006,0.0056344872659736
GO:0098742,cell-cell adhesion via plasma-membrane adhesion molecules,biological_process,1,60,45,570314,0.0222222222222222,0.0001052052027479,211.2274074074074,0.0049075578614399,0.0057303819340166
GO:0101003,ficolin-1-rich granule membrane,cellular_component,1,60,45,570314,0.0222222222222222,0.0001052052027479,211.2274074074074,0.0049075578614399,0.0057303819340166
GO:0008285,negative regulation of cell population proliferation,biological_process,2,1313,44,569061,0.0454545454545454,0.0023073097611679,19.700235408156203,0.0051386332867131,0.0059579783211697
GO:0007419,ventral cord development,biological_process,1,63,45,570311,0.0222222222222222,0.0001104660439654,201.1679012345679,0.0051483043441902,0.0059579783211697
GO:0007494,midgut development,biological_process,1,63,45,570311,0.0222222222222222,0.0001104660439654,201.1679012345679,0.0051483043441902,0.0059579783211697
GO:0060135,maternal process involved in female pregnancy,biological_process,1,64,45,570310,0.0222222222222222,0.000112219670004,198.0243055555556,0.0052285405084858,0.0060329313559452
GO:0007391,dorsal closure,biological_process,1,65,45,570309,0.0222222222222222,0.0001139733021923,194.9774358974359,0.0053087703428242,0.0060894718638278
GO:0045886,negative regulation of synaptic assembly at neuromuscular junction,biological_process,1,65,45,570309,0.0222222222222222,0.0001139733021923,194.9774358974359,0.0053087703428242,0.0060894718638278
GO:0030718,germ-line stem cell population maintenance,biological_process,1,66,45,570308,0.0222222222222222,0.0001157269405303,192.02289562289565,0.0053889938473741,0.0061633653972901
GO:0042059,negative regulation of epidermal growth factor receptor signaling pathway,biological_process,1,69,45,570305,0.0222222222222222,0.0001209878924435,183.6731078904992,0.0056296263847995,0.0064197493861748
GO:0050900,leukocyte migration,biological_process,1,74,45,570300,0.0222222222222222,0.0001297562686305,171.26126126126127,0.00603055406054,0.0068568982029464
GO:0070821,tertiary granule membrane,cellular_component,1,77,45,570297,0.0222222222222222,0.0001350173681432,164.5878787878788,0.0062710347540852,0.0071096033549222
GO:0006968,cellular defense response,biological_process,1,81,45,570293,0.0222222222222222,0.0001420322535959,156.45898491083676,0.0065915871434934,0.0074513593796012
GO:0007298,border follicle cell migration,biological_process,1,83,45,570291,0.0222222222222222,0.0001455397332239,152.68835341365462,0.0067518254027737,0.0076104390378085
GO:0007476,imaginal disc-derived wing morphogenesis,biological_process,1,85,45,570289,0.0222222222222222,0.0001490472374532,149.09516339869282,0.0069120383769655,0.0077685733919786
GO:0035579,specific granule membrane,cellular_component,1,92,45,570282,0.0222222222222222,0.000161323695996,137.74927536231883,0.0074725847271225,0.0083744484010856
GO:0031430,M band,cellular_component,1,100,45,570274,0.0222222222222222,0.0001753543033699,126.72755555555555,0.008112830125184,0.0090659133204062
GO:0001774,microglial cell activation,biological_process,1,110,45,570264,0.0222222222222222,0.0001928931161707,115.20484848484848,0.008912568740633,0.0099028541562589
GO:0055001,muscle cell development,biological_process,1,110,45,570264,0.0222222222222222,0.0001928931161707,115.20484848484848,0.008912568740633,0.0099028541562589
GO:0045672,positive regulation of osteoclast differentiation,biological_process,1,120,45,570254,0.0222222222222222,0.0002104325440943,105.6025925925926,0.0097116765473642,0.0107600961746365
GO:1903561,extracellular vesicle,cellular_component,1,125,45,570249,0.0222222222222222,0.0002192024887373,101.3776,0.0101109940496989,0.0111707866271461
GO:0043066,negative regulation of apoptotic process,biological_process,2,1900,44,568474,0.0454545454545454,0.0033422812652821,13.599856459330145,0.0104356279316687,0.0114968782298045
GO:0090314,positive regulation of protein targeting to membrane,biological_process,1,133,45,570241,0.0222222222222222,0.0002332347200569,95.27836257309944,0.0107495744411181,0.0118093916395382
GO:0016339,calcium-dependent cell-cell adhesion via plasma membrane cell adhesion molecules,biological_process,1,146,45,570228,0.0222222222222222,0.0002560379357029,86.79269406392694,0.0117864081621469,0.0129120763574081
GO:0043547,positive regulation of GTPase activity,biological_process,1,269,45,570105,0.0222222222222222,0.0004718429061313,47.09665427509294,0.0215439844938434,0.0235354452453751
GO:0030183,B cell differentiation,biological_process,1,291,45,570083,0.0222222222222222,0.0005104519868159,43.5344024436808,0.0232792774930369,0.0253601067661576
GO:0031667,response to nutrient levels,biological_process,1,294,45,570080,0.0222222222222222,0.0005157170923379,43.089947089947096,0.0235156749690773,0.0255462764288026
GO:0042802,identical protein binding,molecular_function,3,7615,43,562759,0.0697674418604651,0.0135315472520208,5.1559101528500975,0.0235977877924123,0.0255642701084467
GO:0050766,positive regulation of phagocytosis,biological_process,1,314,45,570060,0.0222222222222222,0.0005508192120127,40.34394904458599,0.0250902283782918,0.0271057868906753
GO:0001726,ruffle,cellular_component,1,378,45,569996,0.0222222222222222,0.0006631625485091,33.50946502057613,0.0301121269221291,0.0324412417116861
GO:0007596,blood coagulation,biological_process,1,396,45,569978,0.0222222222222222,0.0006947636575446,31.98529741863076,0.0315199704233761,0.0338644310333792
GO:0030336,negative regulation of cell migration,biological_process,1,405,45,569969,0.0222222222222222,0.0007105649605504,31.27401920438957,0.032223142301793,0.0345247953233496
GO:0007608,sensory perception of smell,biological_process,1,420,45,569954,0.0222222222222222,0.000736901574513,30.156296296296297,0.0333939857144978,0.0356812450100114
GO:0030141,secretory granule,cellular_component,1,448,45,569926,0.0222222222222222,0.0007860669630794,28.27013888888889,0.0355758536329646,0.0379086964941426
GO:0007417,central nervous system development,biological_process,1,457,45,569917,0.0222222222222222,0.0008018711496586,27.71295891077073,0.0362761445718994,0.0385495814251792
GO:0008340,determination of adult lifespan,biological_process,1,460,45,569914,0.0222222222222222,0.000807139322775,27.53207729468599,0.0365094643257708,0.0386920953452462
GO:0045296,cadherin binding,molecular_function,1,475,45,569899,0.0222222222222222,0.0008334810203211,26.66194152046784,0.0376752344414341,0.0398193534746864
GO:0045335,phagocytic vesicle,cellular_component,1,495,45,569879,0.0222222222222222,0.0008686054408041,25.58379349046016,0.0392274483789025,0.0413179190127166
GO:0007156,homophilic cell adhesion via plasma membrane adhesion molecules,biological_process,1,496,45,569878,0.0222222222222222,0.0008703617265449,25.532168458781364,0.0393049947531227,0.0413179190127166
GO:0030018,Z disc,cellular_component,1,517,45,569857,0.0222222222222222,0.0009072451509764,24.49417580055878,0.0409320548578839,0.0429126381574589
GO:0007267,cell-cell signaling,biological_process,1,539,45,569835,0.0222222222222222,0.0009458878447269,23.49350649350649,0.0426337026469315,0.0445767936522876
GO:0042734,presynaptic membrane,cellular_component,1,566,45,569808,0.0222222222222222,0.0009933170471457,22.371731448763253,0.0447180522080689,0.0466311239602857
GO:0007005,mitochondrion organization,biological_process,1,606,45,569768,0.0222222222222222,0.0010635907948498,20.893582691602493,0.0477978197335767,0.0497097325229198
